1,male,Procopio,I,Estrada,Del Sauzal 2276,Mercedes,SO,75000,ProcopioEstradaNaranjo@teleworm.us,9783 1678,6/22/1967,56,MasterCard,5,22028E+15,851,sep-29,,;;;;;;;;;;;;;
2,female,Dorotea,S,Veliz,Molle 8283,Estación Solís,LA,30020,DoroteaVelizEnriquez@rhyta.com,9312 6808,5/17/1983,40,Visa,4,71614E+15,871,mar-27,,;;;;;;;;;;;;;
3,female,Azalea,P,Villalobos,Sarandi 1811,25 de Agosto,FD,94002,AzaleaVillalobosVelasquez@fleckens.hu,9325 7354,10/22/1976,47,MasterCard,5,15341E+15,250,mar-26,,;;;;;;;;;;;;;
4,female,Cirinea,A,Arredondo,Colonia Ofir 3589,San Javier,PA,65001,CirineaArredondoSerna@jourrapide.com,9710 7952,8/17/1966,57,MasterCard,5,58317E+15,355,ago-25,,;;;;;;;;;;;;;
5,female,Donatila,P,Navarrete,Parva Domus 9722,San Carlos,MA,20400,DonatilaNavarreteSuarez@cuvox.de,9519 7993,11/8/1946,77,Visa,4,92916E+15,12,jul-29,,;;;;;;;;;;;;;
6,male,Teócrito,P,Lucero,Sarandi 4895,Cerro Colorado,FD,94101,TeocritoLuceroCamarillo@superrito.com,9468 8256,3/10/1945,79,Visa,4,53274E+15,545,ago-27,,;;;;;;;;;;;;;
7,male,Alvar,A,García,Yapeyu 7235,Beisso,PA,60010,AlvarGarciaNieves@rhyta.com,9828 2815,3/7/1971,53,Visa,4,92923E+15,558,jun-27,,;;;;;;;;;;;;;
8,male,Cyrille,D,Reyes,Tacuarembo 1679,Arachania,RO,27002,CyrilleReyesGranados@einrot.com,9593 9210,8/15/1986,37,Visa,4,53276E+15,37,nov-25,,;;;;;;;;;;;;;
9,male,Paulo,A,Narváez,Brisas 1834,Mal Abrigo,SJ,80003,PauloNarvaezHernandes@gustr.com,9886 6696,9/23/1969,54,MasterCard,5,505E+15,877,dic-27,,;;;;;;;;;;;;;
10,female,Otilde,G,Leiva,Joaquin Suarez 7230,Santa Lucía,CA,90700,OtildeLeivaVigil@einrot.com,9759 0812,9/13/1940,83,Visa,4,48542E+15,363,feb-28,,;;;;;;;;;;;;;
11,male,Obdulio,T,Tafoya,Democracia 2864,Pine Park,CA,15103,ObdulioTafoyaCasillas@jourrapide.com,9678 0870,8/8/1944,79,Visa,4,53954E+15,48,mar-29,,;;;;;;;;;;;;;
12,female,Eleonor,V,Nazario,Colombes 1546,Puntas de Maciel,FD,94010,EleonorNazarioMayonga@einrot.com,9469 3568,12/25/1982,41,MasterCard,5,55038E+15,822,dic-26,,;;;;;;;;;;;;;
13,female,Daff,F,Magana,Arenales 3256,Montevideo,MO,11900,DaffMaganaGuevara@jourrapide.com,9497 1097,9/24/1962,61,Visa,4,53904E+15,634,ene-26,,;;;;;;;;;;;;;
14,male,Sagar,M,Ojeda,Democracia 4546,Piedras de Afilar,CA,91500,SagarOjedaGallardo@gustr.com,9643 7512,4/24/1976,47,MasterCard,5,40996E+15,506,ene-27,,;;;;;;;;;;;;;
15,female,Iris,C,Dueñas,Sarandi 2552,Chamberlain,TA,45100,IrisDuenasSantillan@dayrep.com,9144 1093,12/30/1943,80,Visa,4,91689E+15,829,sep-27,,;;;;;;;;;;;;;
16,male,Jacinto,D,Mesa,Costanera 5610,Puntas de Valentín,SA,50029,JacintoMesaRosario@dayrep.com,9197 2651,8/19/1993,30,Visa,4,55613E+15,93,abr-28,,;;;;;;;;;;;;;
17,female,Katja,E,Valladares,Florianapolis 8642,Nueva Helvecia,CO,70201,KatjaValladaresCarmona@superrito.com,9947 1539,1/7/1942,82,Visa,4,91694E+15,772,ene-29,,;;;;;;;;;;;;;
18,male,Quirino,L,Garrido,Florianapolis 3643,Neptunia,CA,15101,QuirinoGarridoRivera@cuvox.de,9176 7106,12/7/1996,27,MasterCard,5,41071E+15,601,sep-29,,;;;;;;;;;;;;;
19,male,Joad,S,Haro,Florianapolis 2132,Nicolich,CA,14000,JoadHaroQuesada@einrot.com,9725 8423,11/28/1965,58,MasterCard,5,2457E+15,721,ene-25,,;;;;;;;;;;;;;
20,male,Edelmiro,T,Fonseca,Del Monte 8580,Lomas de Solymar,CA,15006,EdelmiroFonsecaMacias@fleckens.hu,9315 3988,10/10/1955,68,Visa,4,5325E+15,508,feb-28,,;;;;;;;;;;;;;
21,female,Justa,A,Ochoa,Baltasar Brum 6345,La Escobilla,CA,90601,JustaOchoaSandoval@jourrapide.com,9632 4545,1/2/1994,30,MasterCard,5,59477E+15,464,ago-28,,;;;;;;;;;;;;;
22,male,Jacinto,T,Hidalgo,Neptuno 8925,Guazuvirá,CA,16302,JacintoHidalgoNieves@einrot.com,9856 4903,1/26/1951,73,MasterCard,5,27408E+15,804,mar-28,,;;;;;;;;;;;;;
23,female,Divina,P,Villanueva,Neptuno 6083,Independencia,FD,94009,DivinaVillanuevaHenriquez@rhyta.com,9787 3441,7/8/1997,26,Visa,4,71609E+15,633,oct-26,,;;;;;;;;;;;;;
24,female,Jordina,Z,Bahena,Neptuno 8978,Illescas,LA,30202,JordinaBahenaMiramontes@rhyta.com,9716 2660,4/8/1962,62,MasterCard,5,58493E+15,189,jun-29,,;;;;;;;;;;;;;
25,male,Aramis,E,Olivo,Paso Rivero 8117,Tranqueras,RV,40001,AramisOlivoMaldonado@cuvox.de,9826 6100,10/8/1981,42,Visa,4,71631E+15,647,abr-27,,;;;;;;;;;;;;;
26,male,Goyo,M,Espinoza,Treinta y Tres 7327,Valentines,LA,30203,GoyoEspinozaCeja@rhyta.com,9982 1987,7/29/1982,41,Visa,4,53981E+15,20,may-25,,;;;;;;;;;;;;;
27,female,Germana,A,Angulo,Sarandí 6107,La Tuna,CA,16304,GermanaAnguloSolorio@superrito.com,9444 3929,2/5/1948,76,MasterCard,5,55085E+15,589,sep-29,,;;;;;;;;;;;;;
28,female,Ane,S,Mendoza,Acuña de Figeroa 9663,Playa Pascual,SJ,80101,AneMendozaSaldana@fleckens.hu,9613 2587,9/24/1944,79,MasterCard,5,10226E+15,676,ene-29,,;;;;;;;;;;;;;
29,male,Asa,G,Laboy,Sarandí 5450,La Pedrera,TA,45000,AsaLaboyLovato@jourrapide.com,9480 4420,3/27/1978,46,MasterCard,5,53033E+15,734,abr-28,,;;;;;;;;;;;;;
30,female,Kuyen,C,Benavides,Joaquin Suarez 5025,Argentino,CA,16403,KuyenBenavidesLemus@einrot.com,9512 8443,11/13/1995,28,MasterCard,5,25421E+15,822,sep-29,,;;;;;;;;;;;;;
31,male,Inocencio,O,Gamez,Copacabana 3951,Montevideo,MO,12700,InocencioGamezRegalado@teleworm.us,9714 1529,5/1/1966,57,MasterCard,5,10257E+15,513,nov-27,,;;;;;;;;;;;;;
32,female,Zaida,B,Meraz,Rincon 2471,Cardoso,TA,45101,ZaidaMerazGarrido@einrot.com,9744 3302,11/15/1981,42,MasterCard,5,35357E+15,169,mar-27,,;;;;;;;;;;;;;
33,male,Blas,G,Esquivel,Coquimbo 4301,P. Pandule,PA,60013,BlasEsquivelLebron@jourrapide.com,9767 5639,7/2/1975,48,Visa,4,55691E+15,566,sep-29,,;;;;;;;;;;;;;
34,male,Ilario,D,Pantoja,Ceibo 6506,Cuchilla del Perdido,SO,75205,IlarioPantojaFeliciano@rhyta.com,9625 2513,5/18/1985,38,Visa,4,53225E+15,12,sep-27,,;;;;;;;;;;;;;
35,male,Nerón,S,Espinal,Purificacion 4407,Barra de Carrasco,CA,15000,NeronEspinalVelazquez@rhyta.com,9344 2185,5/3/1978,45,Visa,4,48597E+15,405,jul-29,,;;;;;;;;;;;;;
36,female,Zuria,A,Alvarado,Arenales 8245,Montevideo,MO,11900,ZuriaAlvaradoCasas@rhyta.com,9972 1336,10/29/1982,41,Visa,4,5566E+15,392,sep-26,,;;;;;;;;;;;;;
37,male,Fabian,V,Meraz,Ceibo 5758,Cufré,CA,70204,FabianMerazMonroy@superrito.com,9466 6245,4/15/1943,80,Visa,4,71618E+15,600,jun-29,,;;;;;;;;;;;;;
38,male,Príamo,G,Alfaro,Martín Garcia 7343,Palomas,SA,50008,PriamoAlfaroCeja@einrot.com,9116 9590,1/23/1994,30,Visa,4,55673E+15,21,ago-25,,;;;;;;;;;;;;;
39,female,Gardine,B,Terrazas,Marejada 1320,Mariscala,LA,30001,GardineTerrazasEspinoza@jourrapide.com,9779 9565,7/9/2003,20,MasterCard,5,2553E+15,901,nov-26,,;;;;;;;;;;;;;
40,female,Anelisa,T,Montano,Piedras 3356,Kiyú - Ordeig,SJ,80102,AnelisaMontanoCarrion@jourrapide.com,9822 7892,6/17/1994,29,Visa,4,91692E+15,901,oct-29,,;;;;;;;;;;;;;
41,female,Evangelina,A,Pelayo,Ituzaingo 2121,Aguas Dulces,RO,27202,EvangelinaPelayoFranco@fleckens.hu,9165 5568,8/4/1969,54,Visa,4,53944E+15,311,jun-29,,;;;;;;;;;;;;;
42,female,Valeria,O,Comejo,Neruda 4869,Solís de Mataojo,LA,30100,ValeriaComejoGamez@superrito.com,9159 6673,8/13/1997,26,Visa,4,53293E+15,823,sep-28,,;;;;;;;;;;;;;
43,female,Mariola,U,Meraz,Arenales 9968,Montevideo,MO,12100,MariolaMerazLeyva@rhyta.com,9332 4456,6/9/1943,80,Visa,4,92916E+15,792,may-26,,;;;;;;;;;;;;;
44,female,Danila,P,Matos,Yapeyu 5291,Bella Unión,AR,55100,DanilaMatosZepeda@cuvox.de,9697 3706,3/15/1980,44,MasterCard,5,35597E+15,548,abr-28,,;;;;;;;;;;;;;
45,female,Floriana,C,Godínez,Colón 9029,Chuy,RO,27100,FlorianaGodinezLugo@armyspy.com,9152 1755,4/19/1969,54,MasterCard,5,33251E+15,231,ene-29,,;;;;;;;;;;;;;
46,male,Inca,M,Solorio,Ituzaingó 9301,Javier de Viana,AR,55005,IncaSolorioNoriega@jourrapide.com,9334 3845,7/27/1963,60,MasterCard,5,58874E+15,30,ago-28,,;;;;;;;;;;;;;
47,male,Elenio,K,Molina,Treinta y Tres 7481,Valentines,LA,30203,ElenioMolinaCabrera@fleckens.hu,9113 0025,10/20/1956,67,Visa,4,91648E+15,436,nov-26,,;;;;;;;;;;;;;
48,male,Koko,D,Abrego,Florianapolis 8629,Nicolich,CA,14000,KokoAbregoNavarrete@teleworm.us,9770 9215,11/1/1977,46,Visa,4,5328E+15,512,nov-25,,;;;;;;;;;;;;;
49,male,Albretch,H,Cordova,Rigoberto Lopez 5481,Sauce,CA,90800,AlbretchCordovaGranados@fleckens.hu,9520 5879,7/18/1939,84,MasterCard,5,35484E+15,798,sep-28,,;;;;;;;;;;;;;
50,female,Alvina,H,Vanegas,Joaquin Suarez 6526,Santa Catalina,SO,75201,AlvinaVanegasFlorez@fleckens.hu,9531 2128,7/25/1956,67,Visa,4,71616E+15,526,abr-27,,;;;;;;;;;;;;;
51,male,Alvin,C,Casárez,Colombes 9402,Puntas de Maciel,FD,94010,AlvinCasarezTijerina@cuvox.de,9811 9965,11/22/1992,31,Visa,4,92982E+15,719,feb-26,,;;;;;;;;;;;;;
52,male,Alfio,C,Sauceda,Piedras 4538,La Aguada - Costa Azul,RO,27002,AlfioSaucedaJaimes@dayrep.com,9924 8719,4/25/2000,23,MasterCard,5,14713E+15,406,mar-26,,;;;;;;;;;;;;;
53,male,Baldovino,J,Alaniz,Leandro Gomez 3918,Cebollatí,RO,27302,BaldovinoAlanizEnriquez@teleworm.us,9850 6144,1/7/1977,47,Visa,4,55669E+15,222,sep-25,,;;;;;;;;;;;;;
54,male,Zohar,I,Salas,Parva Domus 6475,San Gregorio de Polanco,TA,45200,ZoharSalasBrito@gustr.com,9569 3968,7/25/1999,24,Visa,4,53935E+15,84,jul-29,,;;;;;;;;;;;;;
55,male,Cayo,P,Escobar,Tacuarembo 6041,Andresito,FS,85002,CayoEscobarVerduzco@einrot.com,9520 5210,11/17/1948,75,Visa,4,71613E+15,234,oct-29,,;;;;;;;;;;;;;
56,male,Raguel,Z,Partida,Colón 9482,Colón,LA,30007,RaguelPartidaAlcaraz@cuvox.de,9533 8304,1/2/1964,60,MasterCard,5,25869E+15,372,ene-26,,;;;;;;;;;;;;;
57,female,Irma,G,Padilla,Tala 4320,Fray Marcos,CA,90601,IrmaPadillaOrellana@jourrapide.com,9934 0975,6/9/1979,44,MasterCard,5,10081E+15,203,oct-29,,;;;;;;;;;;;;;
58,male,Karl,L,Aguilar,Ceibo 7585,Cufré,CA,70204,KarlAguilarChacon@einrot.com,9917 8379,11/30/2003,20,Visa,4,5391E+15,717,ene-29,,;;;;;;;;;;;;;
59,female,Cathy,R,Tamez,Misiones 7005,Juan Lacaze,CO,70001,CathyTamezNegrete@einrot.com,9437 2794,2/27/1945,79,Visa,4,5325E+15,343,sep-28,,;;;;;;;;;;;;;
60,female,Prudenciana,A,Abreu,Copacabana 6745,Montevideo,MO,12400,PrudencianaAbreuFarias@armyspy.com,9313 2882,7/13/1983,40,MasterCard,5,37652E+15,319,dic-27,,;;;;;;;;;;;;;
61,female,Lide,A,Cepeda,Tala 2640,Garzón,MA,20401,LideCepedaPuga@superrito.com,9764 7272,10/14/1942,81,Visa,4,48534E+15,983,may-28,,;;;;;;;;;;;;;
62,female,Agar,A,Castillo,Canelones 2436,Santa Rosa,CA,90500,AgarCastilloAlfaro@armyspy.com,9698 6708,7/26/1996,27,Visa,4,92945E+15,652,nov-26,,;;;;;;;;;;;;;
63,female,Ilanit,A,Jasso,Arenales 2752,Montevideo,MO,11900,IlanitJassoSotelo@armyspy.com,9373 2384,12/15/2003,20,Visa,4,55667E+15,236,jun-29,,;;;;;;;;;;;;;
64,male,Bartolo,J,Cuellar,Joaquin Suarez 4641,Santa Lucía,CA,90700,BartoloCuellarCabrera@cuvox.de,9690 7744,11/10/1952,71,MasterCard,5,31603E+15,615,oct-27,,;;;;;;;;;;;;;
65,male,Saulo,L,Ojeda,Florianapolis 5090,Nicolich,CA,14000,SauloOjedaGuajardo@jourrapide.com,9515 6518,4/3/2005,19,Visa,4,53962E+15,966,ene-25,,;;;;;;;;;;;;;
66,female,Mimi,R,Hinojosa,Porongos 7563,Paysandú,PA,60000,MimiHinojosaMadrid@fleckens.hu,9833 8244,2/3/1980,44,MasterCard,5,32165E+15,334,ene-28,,;;;;;;;;;;;;;
67,female,Ezilda,T,Cruz,Tabaré 7713,Rincón de la Bolsa,SJ,80101,EzildaCruzCisneros@rhyta.com,9951 9500,1/8/1979,45,Visa,4,53916E+15,265,jul-28,,;;;;;;;;;;;;;
68,female,Cirinea,F,Salgado,Marejada 8549,Mariscala,LA,30001,CirineaSalgadoBetancourt@einrot.com,9958 9664,3/8/1970,54,Visa,4,71617E+15,115,ene-29,,;;;;;;;;;;;;;
69,female,Aracely,A,Jasso,Guayabos 7720,Capurro,SJ,80004,AracelyJassoCarrera@gustr.com,9690 8190,11/28/1982,41,Visa,4,55603E+15,897,jun-29,,;;;;;;;;;;;;;
70,male,Calixto,G,Luevano,Molle 1999,Estación Pedrera,CA,91007,CalixtoLuevanoVeliz@dayrep.com,9939 7013,9/19/1967,56,Visa,4,92941E+15,12,may-26,,;;;;;;;;;;;;;
71,male,Waldo,P,León,Rigoberto Lopez 9889,Sauce de Portezuelo,MA,20004,WaldoLeonBallesteros@fleckens.hu,9147 8790,11/1/1993,30,MasterCard,5,34124E+15,968,nov-27,,;;;;;;;;;;;;;
72,male,Carlomagno,R,Leiva,Sarandi 4874,25 de Agosto,FD,94002,CarlomagnoLeivaMontenegro@superrito.com,9648 4727,9/27/1975,48,Visa,4,71625E+15,280,ene-26,,;;;;;;;;;;;;;
73,female,Angelines,J,Escamilla,Joaquin Suarez 2880,Argentino,CA,16403,AngelinesEscamillaLebron@dayrep.com,9138 6424,7/18/1942,81,Visa,4,92987E+15,820,oct-27,,;;;;;;;;;;;;;
74,male,Cupido,L,Noriega,Del Sauzal 5291,Mendoza Chico,FD,94006,CupidoNoriegaValencia@einrot.com,9693 8390,8/4/1986,37,MasterCard,5,15051E+15,959,mar-25,,;;;;;;;;;;;;;
75,female,Ornella,O,Camacho,Hugo Reta 5308,Villa del Mar,CA,15003,OrnellaCamachoVillasenor@armyspy.com,9841 0835,3/28/1939,85,Visa,4,53257E+15,224,jul-25,,;;;;;;;;;;;;;
76,male,Ione,D,Arce,Guipúzcoa 1476,Salinas,CA,15100,IoneArceBarela@einrot.com,9744 6470,1/8/1941,83,MasterCard,5,39769E+15,35,may-27,,;;;;;;;;;;;;;
77,male,Eulogio,L,Vasquez,Del Sauzal 7647,Merinos,PA,60009,EulogioVasquezCastillo@dayrep.com,9977 7978,2/4/1975,49,Visa,4,55688E+15,301,nov-28,,;;;;;;;;;;;;;
78,female,Olina,F,Robledo,Camino Fuster 8476,Aguas Corrientes,CA,90701,OlinaRobledoCaballero@einrot.com,9390 0383,4/3/1971,53,MasterCard,5,1155E+15,113,ago-26,,;;;;;;;;;;;;;
79,male,Oleguer,F,Covas,Paso Rivero 7932,Tomas Gomensoro,AR,55002,OleguerCovasNava@rhyta.com,9925 3979,3/28/2002,22,MasterCard,5,13144E+15,351,sep-25,,;;;;;;;;;;;;;
80,female,Gigí,M,Alva,Sarandí 1015,La Pedrera,TA,45000,GigiAlvaDavila@rhyta.com,9922 5362,6/28/1987,36,Visa,4,53264E+15,802,may-27,,;;;;;;;;;;;;;
81,male,Rudecindo,I,Cordova,Neruda 9476,Soca,CA,91006,RudecindoCordovaCollado@gustr.com,9140 6666,8/26/1977,46,Visa,4,71673E+15,225,sep-26,,;;;;;;;;;;;;;
82,male,Pancho,J,Ocasio,Hocquart 8344,Parque del Plata,CA,16100,PanchoOcasioArchuleta@fleckens.hu,9989 8332,4/2/1954,70,MasterCard,5,33552E+15,850,nov-27,,;;;;;;;;;;;;;
83,female,Lucelia,L,Jaramillo,Ceibo 2373,Cufré,CA,70204,LuceliaJaramilloBenitez@einrot.com,9882 4197,5/15/1958,65,Visa,4,53962E+15,407,ene-25,,;;;;;;;;;;;;;
84,female,Luna,A,Aparicio,Leandro Gomez 8557,Centenario,DU,97007,LunaAparicioMontes@rhyta.com,9767 7707,6/18/1996,27,MasterCard,5,45884E+15,342,ago-28,,;;;;;;;;;;;;;
85,female,Lolly,M,Cintrón,Neptuno 9911,Independencia,FD,94009,LollyCintronOlivas@dayrep.com,9721 6984,2/4/1942,82,MasterCard,5,11152E+15,644,jul-29,,;;;;;;;;;;;;;
86,female,Crimilda,H,Colunga,Colombes 1239,Puntas de Maciel,FD,94010,CrimildaColungaGamboa@dayrep.com,9943 8412,10/2/1963,60,MasterCard,5,55087E+15,807,ene-29,,;;;;;;;;;;;;;
87,female,Lorujama,U,Trejo,Del Sauzal 1610,Miguelete,CA,70005,LorujamaTrejoNaranjo@gustr.com,9324 1064,8/27/1952,71,Visa,4,9296E+15,836,dic-28,,;;;;;;;;;;;;;
88,male,Renau,H,Méndez,Porongos 9778,Paysandú,PA,60000,RenauMendezArroyo@dayrep.com,9755 0414,11/12/1966,57,MasterCard,5,20172E+15,790,sep-26,,;;;;;;;;;;;;;
89,female,Melanie,G,Malave,Rincon 8486,Castellanos,CA,90603,MelanieMalaveNegrete@cuvox.de,9679 3227,12/7/1957,66,Visa,4,53997E+15,846,mar-28,,;;;;;;;;;;;;;
90,female,Publia,C,Palomino,Molle 5006,Estación Migues,CA,91005,PubliaPalominoBaez@rhyta.com,9638 5220,6/17/1996,27,Visa,4,55637E+15,419,feb-25,,;;;;;;;;;;;;;
91,female,Elaís,D,Méndez,Copacabana 8419,Montevideo,MO,12400,ElaisMendezGrijalva@teleworm.us,9942 0856,10/20/1951,72,MasterCard,5,48475E+15,609,jun-26,,;;;;;;;;;;;;;
92,male,Yosef,A,Palomo,Martín Garcia 8901,Palo Solo,SO,70003,YosefPalomoSotelo@einrot.com,9944 7890,8/3/1986,37,MasterCard,5,15247E+15,872,feb-28,,;;;;;;;;;;;;;
93,male,Omero,D,Salas,Paso Rivero 3246,Trinidad,FS,85000,OmeroSalasLoera@cuvox.de,9860 4638,1/29/1979,45,MasterCard,5,44737E+15,962,abr-25,,;;;;;;;;;;;;;
94,female,Ilve,N,Cepeda,Lavalleja 2438,Santa Ana,CA,70000,IlveCepedaCampos@jourrapide.com,9451 2293,10/23/1965,58,MasterCard,5,26818E+15,109,mar-27,,;;;;;;;;;;;;;
95,female,Lara,C,Carrero,Ibirapita 9338,Delta del Tigre,SJ,80101,LaraCarreroUlibarri@dayrep.com,9886 5818,9/21/1954,69,MasterCard,5,58474E+15,225,feb-27,,;;;;;;;;;;;;;
96,female,Kistiñe,O,Rivera,Sarandí 7439,La Pedrera,TA,45000,KistineRiveraRodrigez@armyspy.com,9645 3829,8/1/2001,22,Visa,4,71671E+15,49,sep-25,,;;;;;;;;;;;;;
97,female,Catherine,M,Urena,Molle 6449,Eucaliptus,PA,60017,CatherineUrenaLozada@einrot.com,9921 8381,2/16/1978,46,MasterCard,5,21864E+15,571,mar-28,,;;;;;;;;;;;;;
98,female,Fuencista,V,García,Treinta y Tres 8883,Valentines,LA,30203,FuencistaGarciaAltamirano@cuvox.de,9676 5379,7/15/1944,79,MasterCard,5,42333E+15,765,may-28,,;;;;;;;;;;;;;
99,female,Jesabel,H,Prado,Ombù 9748,Conchillas,CA,70004,JesabelPradoTrujillo@armyspy.com,9436 4611,11/5/1982,41,Visa,4,55649E+15,186,oct-29,,;;;;;;;;;;;;;
100,female,Belisaria,M,Bernal,Parva Domus 3770,San Carlos,MA,20400,BelisariaBernalRaya@rhyta.com,9643 2626,11/21/1987,36,Visa,4,71645E+15,352,ago-25,,;;;;;;;;;;;;;
